﻿<?xml version="1.0" encoding="utf-8" ?>
<hibernate-configuration xmlns="urn:nhibernate-configuration-2.2">
  <session-factory>
    <property name="connection.provider">NHibernate.Connection.DriverConnectionProvider</property>
    <property name="dialect">NHibernate.Dialect.MsSqlCeDialect</property>
    <property name="connection.driver_class">NHibernate.Driver.SqlServerCeDriver</property>
    <property name="connection.connection_string">Data Source=Dados\BancoDeDadosAplicacao.sdf</property>

    <property name="show_sql">false</property>
    <property name="proxyfactory.factory_class">NHibernate.ByteCode.LinFu.ProxyFactoryFactory, NHibernate.ByteCode.LinFu</property>
  </session-factory>
</hibernate-configuration>